outcome_a0,outcome_a1,outcome_b0,outcome_b1,outcome_c0,outcome_c1
15.84931648442145,19.774476150906622,9.16223643474107,11.999086887983584,8.024630840700054,13.396078149514459
15.217318678573033,18.75988760773852,9.225958818596135,12.333209796555215,0.4195292609333783,15.453630092030224
6.87403062634073,10.34959093421313,11.019365483101998,14.255014310716408,4.864476266581205,6.259558051661544
2.0669721143776902,5.873568847404698,11.601273694759577,12.9047487561459,1.20691889681472,2.5831170761804576
9.762730839084641,13.422222238920456,10.471901919812286,13.633314576066704,6.827187195064162,8.71065217486739
8.714533643453883,10.54004548514145,12.640840074351413,14.027482852046417,9.619211988912209,17.833705006744726
21.715267802580243,23.317048039997882,9.349769087560295,13.207166841836486,18.307627085190642,26.164586926040677
14.708410941876943,22.236522333211,12.093774654176878,10.450915160809448,6.566045225712159,8.038321695003276
14.892191763990738,18.48001379029494,9.742809437050992,14.636675999037442,12.974688207446459,18.626705853566538
10.87947031219801,14.882647950527513,9.747339036249436,13.154469267423941,7.950823402685582,10.721354494102528
13.21591071038958,14.739209972903039,11.316307395563912,10.815193973670898,8.252381685369986,18.244691406207767
15.339145863004193,19.51671412722722,7.75854642099023,14.894859906638683,5.911598773354272,10.326209416178553
12.412373415670363,13.211299463741737,10.579417034326944,12.980133318275866,-0.7017684095903765,0.1881091138850578
14.660833494225393,13.889934365991863,11.821909960871688,14.266822803658687,17.207468555125278,16.573569616764384
8.60432765658235,12.076010606130003,9.25739969275644,13.860987083075335,4.579470424505131,6.346953789144211
3.83925968825067,10.55954259620615,11.212874303639977,13.953383283281624,15.468549669711855,11.029956645118014
9.59695043708042,15.173993412422385,16.394749639534336,14.18584600165356,14.795412691382555,15.471499269921022
11.029971329426262,13.670200812826032,18.954369349849554,14.1595774048767,3.11143200963891,6.207267468715136
13.960360555582543,16.939682908282837,11.67139252218717,15.626653839012757,14.82798625580918,20.169599788468737
14.662062203741876,19.370061088881762,7.988400713558101,11.966347077945068,3.5830927342320207,9.004625237506062
15.491109747712576,21.605611039383284,10.828364299559128,12.915432305037397,12.565852789124309,15.633747613615062
8.039998473889165,12.404427150266475,12.898917450245435,13.813198473026329,12.706783391546928,12.156341761959963
9.04899311894509,11.429862324081173,10.399578575596466,12.132325182209566,12.660058132153964,6.068310975578691
17.01399444814774,23.990463099579724,9.479080868707516,13.694258599949332,9.2480770022963,18.399734138504975
15.020300329225275,14.357074961240764,14.298689245617544,14.051410887021575,10.552486842757348,17.558980846807927
9.817678235474146,13.69522052403771,13.035356695985854,13.858843103726253,9.12553355721871,13.375042336623716
9.28680049115775,11.46480388350544,7.844820044552006,13.844283953773903,4.0066420539079655,6.318462198173302
15.06185461124357,20.12964608825591,5.350743974071731,12.60038749249666,-4.085433610285879,14.31458228634476
10.031149259126018,14.50496700807253,8.843636470627477,12.911308360826526,8.599082908410523,13.926793282461562
6.871214010117387,10.1417665754088,7.287593809800703,13.212624394063091,8.582847680719862,8.447633088394147
11.99203195728829,16.386096292852322,9.691844490668208,12.935785384268861,12.41579567493877,16.239641316756398
12.217353267470026,14.816390000240787,13.263218770002805,14.26451757260661,15.871566844480665,16.5677243680917
16.737881523577016,20.445933542034858,11.362824523531847,13.187731092735051,-3.099674612870242,-0.38541363854291766
18.985556018032344,22.190527939052295,15.265489701465471,14.488389388601973,3.432580592857672,3.1021324940144894
18.903015519141984,22.960681743158364,14.151900262174575,13.662015553649013,8.818932037636788,14.944725602227894
6.295885952382447,9.709220160439795,8.538359333922914,13.549261750333079,12.001108082871873,8.938272703130998
6.697736201471294,7.915577392297644,9.83936304683106,13.121149239842033,9.502346727706684,8.441968879026007
13.766230979902792,18.279317661959336,8.693544057465338,15.789349690555182,11.880887832088025,24.954385261380505
12.535223161824353,15.547003704176934,8.436485660165216,13.303642538056629,7.2158733532142945,11.440856541421015
10.662767012090008,14.57932014406904,12.015025081759354,12.138170419168192,10.895129229581851,12.372894752363813
12.80698069760136,17.863067675473694,10.466518241319696,14.234419176046309,12.09613185825622,6.9442407102650785
17.073427137148425,18.791804046101554,12.363587120138302,13.795725115044668,1.9199223470358726,5.324873999056201
10.372901062072504,14.968550058156836,11.17852375940635,12.473431748444431,14.467276969957645,19.28165459296527
12.79480795097998,15.019586681919286,10.859372017305274,13.905099317406869,9.17707558809272,11.683982093300427
14.001655984325884,17.625508013423158,8.021964217729654,12.356373847990042,-4.160536129502559,17.53248177977201
9.240134968240673,15.017427547185576,10.898702925407038,13.729767973618133,16.05589947184911,17.427013932123153
15.0985600597399,19.117589923949453,8.889837653670265,13.652329730142467,10.106519776284296,16.09235735126085
6.771553976792012,11.054825445007113,13.152852465800672,16.350697207283133,6.591227682525204,5.398411380379391
16.60448001869976,20.980541474677207,11.165874682022547,12.632569695107374,6.852914339201548,8.109182831006184
6.302758330972111,10.980212575122145,12.233789727936035,12.215825794303825,15.50090133134414,12.163438468431584
9.758194879658783,13.711896249457247,9.31537062092031,14.229627003657518,7.786267774886568,11.291420621037505
13.39038460677012,16.61366042482582,11.308130777414103,14.425219197822452,5.77401408583128,13.506851095187644
17.855810829359292,22.101393668398675,7.435384195539849,14.152151056921712,4.500234796126258,23.82584065439924
11.641131773044496,15.24640291899648,10.56867516204766,12.738774306868747,16.026829486058666,16.374428184034524
12.053107793653748,14.933781201619555,9.818573507075747,13.382155073159403,12.816888751148465,16.193488002041434
8.8816032086468,14.506928997856493,8.253325858727198,13.076015858925714,8.870706220613474,8.155650115321716
15.883372455715973,21.28258209602971,11.549991645830604,12.234511112852044,-3.8130265783556707,0.7634032016458979
7.645078505292676,12.618671884719083,9.737989065755187,13.298618774098085,8.785894960606083,15.484258869083455
7.797197394257277,13.618283650840443,14.161262263465902,14.697392827633953,11.801928831823174,11.060565528774056
15.012225909382597,16.062690181080697,11.830930382678426,12.674802174331314,15.703835652558583,15.051800385077597
6.496797962029438,10.915446940049414,11.015632181849233,14.601666938422762,12.688720350552643,10.738706514364644
6.388323906342452,9.657096918101889,9.416360345466108,13.809546775522843,11.280126991774313,6.769332174105267
5.872263106197877,11.170067483798485,12.16343871114545,13.242679533444138,9.871784815341702,7.945114229163648
14.742508488698865,20.38914627204968,9.218771825468776,13.03702581965572,12.082553331160762,17.219435637123357
9.046404368429123,14.244349028852236,6.642278026836687,13.127953647242183,3.594910575195289,9.253695027007138
9.102461587370517,16.565630805997255,10.006110560356566,13.438522212957295,4.484275994473491,3.6044325485467885
11.836427224336306,16.234843100657365,11.345403385806605,13.332752891242746,10.676728260400578,17.489112960604714
11.710853376526398,14.9158666670137,10.733582947015142,12.22549298550424,13.78597457051449,18.975676969986033
13.163319001313498,17.99363369144742,12.935818234104413,12.32271378766507,8.130714673837424,14.351954729909586
6.414101972868708,9.797700722212609,8.973733427004946,11.103330027044045,6.725758082750858,7.563939655090838
14.74670950855789,20.482081339109666,13.217067982897953,14.432159429572069,7.185431439825943,6.986545560173501
13.996025032325887,16.974908075811474,9.95265286299932,13.280146052982992,3.339066560511288,7.273751830163514
8.537847092711672,15.062688304354138,10.164777005482732,14.061894432728518,22.401027029488514,18.654273331974927
14.153520927845037,21.158206689643432,6.7815195629579375,12.615180865464193,4.832891387132522,13.496285194924477
10.655629564055634,14.815775477720287,9.693427418579729,14.322943378173914,9.367006801084347,10.156386557537544
12.22185181357422,18.70306538398926,10.211190748103988,15.354123186078228,1.7641743576104527,18.50114026797804
13.64729452365981,17.063388283869106,15.717405150230126,12.967396497887405,16.837926226306422,19.70467194233164
14.446527617792858,16.3628099696058,7.290032530217144,13.198543934581162,6.840480702547454,8.831793642581033
13.105777851132476,13.963928915597846,13.506550393291299,12.774216752726831,-0.03218926498397423,4.779968707186612
14.861019876908939,17.94494171573463,13.731286285448897,14.525304876756042,12.313070995309563,16.453611259991977
12.638585055525953,16.490929859883966,9.341192037730107,13.801878658947983,1.9473674170643678,9.84713756687023
14.155635851026537,19.5899020648866,10.076299180710146,13.987730529692277,2.5791875943847318,15.83720210132272
18.96200861608544,22.962764155304484,12.971748041897163,13.70932627298412,2.4644691273253647,1.4768111851656913
17.374392914496916,23.26047009597075,13.13111824041787,14.377562399324928,5.5871925827633975,15.001226951174726
13.678235780379785,18.845278152559004,7.820723238951856,14.20814047345832,5.153859583151856,10.64829786375604
8.922439951225815,10.998896975591391,12.908593683439449,15.058934769843301,5.689698983462273,6.372772742636694
8.576524963830325,11.479012051842112,13.04056659007812,12.798429214103162,11.489567098279368,8.79764243980512
6.669196788466034,11.398982398085764,10.590570442721035,13.83818115880845,12.310941819096428,5.6992313966757795
4.932700458094956,7.872938486799114,14.496381246093115,14.277986139095603,12.99193658183132,6.678915727953537
17.18169680348013,22.638638142852564,12.207636561661653,12.771266985506495,6.143428752259125,14.194103562090579
12.588507558774985,19.789417485542675,10.609654276770389,12.348170402872913,6.838954021819498,19.543306934040892
14.685205306871811,17.888192015734795,10.448986942629274,12.849108428842783,13.895306095776725,14.05610840339351
17.67561563971728,22.424539815538093,11.284359080249722,13.820624575848559,1.371056510279953,4.231646523647978
13.976428761338232,17.0421903319685,13.9465186215003,12.960713905970216,9.178226072376361,11.31531164717939
3.0676700154346017,9.248420289158647,11.536088534353858,13.143406270214363,11.454327404474844,7.886002752886357
11.11730867911417,15.94193836995139,10.631434016689866,14.182605673916884,7.602396924888325,15.377037659944651
6.493519556110343,10.377625563864719,7.162868068999962,14.316959140210585,9.058941139160476,9.445448234301924
8.000153818901953,14.901456875984422,13.590720608443492,14.384379474487666,16.98451775261582,18.766928699769984
8.201810120595562,12.036221363014171,11.677324364501342,12.954595751812757,16.855800725335115,13.731453714847452
13.024517027754111,15.147393235901609,10.067426154503204,11.291941528189627,4.124491470583127,9.665912391108055
3.125176241548208,8.890294202711903,14.924557893988236,13.673250147148282,16.218655045930195,15.127742484915899
10.967219816299833,13.545051249853838,9.131283528875654,12.960703398924153,-1.7605982886379028,4.420312070515453
5.426606441090783,10.9838733277053,7.948934079132428,14.624274714440883,-1.3825193429315923,1.9233574879051902
15.044703692165463,17.326269257136897,8.349108478910326,14.01859965942188,-3.9155985277960665,1.9263815634633794
3.122437774095558,11.23137743839993,9.03618519514848,12.886553173147503,4.424595547351093,9.415898748765107
13.729963072574295,16.701445039780292,7.154755795122143,13.063470247704144,4.988411469785271,11.206461027720213
0.7058880646846024,4.542707266141838,7.617238053928111,13.719261762864583,3.557940952683729,5.317308781970989
9.59483983281645,11.711142073723998,8.125214473628265,14.630315052089937,-0.6717839780457333,13.25296428131331
9.028409185801102,12.522508766280772,11.864640223039725,14.134533579184296,12.191932248209284,12.229638985211775
13.561695776256862,16.744022260715212,14.337745464235407,13.468979233416713,12.937403662662662,17.555691075211904
16.658167872931717,21.587897763649806,9.407630744667305,13.913208307558738,11.207836117861621,24.260989017450495
4.43138747741636,7.657453274196608,10.958883322909335,13.408095229643596,7.9681752877726,4.426629053859546
12.911109842825716,16.308283259185416,12.537091133241656,13.195018514673846,7.147146001793973,18.73759684706523
14.378906222656333,20.45317524465816,11.087904739905012,11.393782903963901,3.0184935957087777,16.971881884818202
11.622424277788747,16.442888307059636,7.515189019586735,13.334525402935215,7.265776198480066,12.816376523863786
12.774946352017935,15.484005750978975,11.541614890138002,12.383289386263836,14.017887187405508,19.7542819793054
6.607343309205908,11.764765982753906,10.324462384344317,14.066072767268315,9.865077026183792,16.99296230715624
3.617100510519313,10.985259700418164,9.509335989784095,14.612349719024486,13.239221348899596,11.42289384996614
4.158987864249245,7.9828539734844846,12.391653470447027,13.235911635799658,5.217999000330276,6.446028322141995
6.665024622520616,10.23547119243586,13.200833990132047,13.61850016201672,13.163084656576025,14.931599005665923
6.409048111823512,9.310477635441543,12.864258494100287,14.865272017361935,2.0241374715263287,2.9197857385904036
6.549150973491633,12.781827994339173,13.840087051264469,14.04355437321859,2.99725967368718,9.354027702438678
6.8305226795640355,10.569842270288651,9.73682411050998,13.154681129921991,3.2076828017692867,12.517641051193195
5.1767914726504385,9.699582434489932,9.174377974435632,11.662324468558124,8.755575564509314,4.656381699104893
14.585717354974296,19.346536053205874,10.832990775336789,13.67696403951241,-1.5039307344220394,2.0545441807259963
0.572027481332442,4.898090583098524,7.368133897214605,13.795364102973355,6.524242545922725,9.4882935240517
10.10900317352657,11.85345503231726,9.403069139145684,14.45464860127662,-2.7093740866724296,3.651446158924952
17.60770913192626,23.477520501059967,8.413492012332974,11.585887181923104,3.6146674536012844,18.36045915482036
6.614710042810299,10.361556155081288,6.2356328192557475,13.48197928585589,1.335055837107614,12.104235132562003
16.89269142726374,19.06280676644869,10.206177339893374,12.42166044033054,-3.1309111169907586,12.878125335451886
1.9133030568204659,7.598946245678233,12.732099614091652,12.78017243830552,11.257520859752233,10.721054472924116
8.043288742826661,12.994032486489827,8.988042133843878,12.252608274246827,9.193266818699108,18.47716852670455
11.015212271615049,14.39272289511802,12.839092363143983,14.237705563379198,2.302328704674772,12.719404250922079
6.883590925289488,11.563373376742794,9.673194390048344,13.562800365732171,-2.048161420054865,10.027412284557155
9.03779626491392,13.414343637957687,11.31087632873874,11.208608877363861,3.0154872926981016,5.037504071772775
14.59388346654409,18.7547334754147,9.77391096997575,14.941170799415213,3.0901402634241046,19.310574736937944
5.526020276254595,9.792447471829792,11.492191372393192,13.997597982270158,6.899161912341302,6.550432526653354
1.9425979168638199,7.87501763804932,13.9666026749122,14.151164019742456,4.128754071052587,3.9258826789338377
1.8631883471423838,6.948687278168517,15.825848687050673,12.442297652015334,9.294435890110583,8.007636163541362
7.281615420828222,11.201256391718392,10.97434066320373,14.314145145969858,8.787246674476458,11.418860026802164
3.7454502000763927,5.615162522880359,9.677058274122082,14.72454226502462,13.971781704260868,16.572919897880247
1.413659666952632,4.243140468672088,11.34052827520826,13.207378765833985,6.315659178963259,4.8360203739171
9.129483591681675,13.163611898709334,8.513039096154875,12.56933155793818,3.786897639293921,6.978198691184837
8.746554658302678,11.25090976082342,10.330255631128475,14.64066520148,14.881642805672133,21.06953455336265
4.558520197584515,10.721276166270107,9.742039966281457,14.233119814963574,15.92003393734125,12.501966136859798
8.367487540448355,12.119723980545443,8.092104736237694,13.049544847566837,6.960414079998174,14.480456004005845
3.635450375671745,8.155559725565228,11.283186581133526,13.849509909984878,-0.2315144434185984,6.535933084618726
1.2934500041815058,3.6200418000973738,15.6489796168597,13.013851026665662,-2.0656658729675073,12.3420639144108
11.836889498821071,13.467436717444421,10.76097759509149,11.854841880500981,6.451585047597824,10.949727726486882
5.175423225823644,10.420148021867707,10.590381012403371,12.310622016629793,10.519834659422196,17.207661707970487
13.089271580530225,17.4628265516098,11.152475940628193,13.21648664062457,9.575533554817406,15.631061272982357
13.495883337109623,14.313087940328005,8.56128663915225,14.173693977040452,4.763375195780375,9.567312706563047
7.40923165023066,10.426891178457534,11.739341500024274,13.982754662115784,4.76161732887362,10.372910811066218
5.35953631382117,8.130538084008837,12.59329043512829,14.727643787355095,3.0344317034478037,9.224548629572213
6.437756879369278,12.49055607282521,10.773939746188287,12.104286471369388,9.806100650294471,12.87054247079462
6.93615275109846,11.67527740651787,9.218769593673434,12.607071605066297,5.996744120986514,18.52001222425452
6.35867148225346,11.370275162962772,9.583521149248819,12.40340570370882,-3.024860613209706,9.4845333896433
4.078874167131444,7.935369541133756,9.096308047405483,14.11062319113011,6.508068642053372,10.038033265904687
19.522505044026367,18.66891248659263,10.49134397287175,14.6424163627627,6.268446411682979,23.32142678751486
5.206646081680551,7.731370246043867,11.886649939000758,12.958229877720456,13.84227352517457,16.006005501869637
7.093035115166328,12.311277363321688,10.855927913661128,14.406703633941133,4.652182184925334,2.6413191167510854
7.523462060910165,14.365109893255084,7.961966334936482,14.097993637793913,-0.9414763232534695,10.467778102415263
2.813523634472686,9.812128998070786,10.024078803300775,13.51663380116466,14.461843798748406,9.530466673166773
-0.756957187061041,5.255305573400455,9.716865313719403,14.482760553597974,2.83578668305844,5.437824101869002
3.100963110186929,6.668767453142153,10.754617517981044,12.83796024046004,4.552003877344495,3.793818077940114
9.181587412926993,15.857965986755106,12.312735158223145,13.129792213456593,6.619765668502904,7.847194283646457
11.300963841373028,14.50551030299509,9.403423973448009,11.995048443801926,16.893914949904104,24.84739300448074
6.369900037787254,9.744443344325276,9.997645583309556,12.960373014277668,16.442115989264042,16.685485989944876
5.253070906880262,9.819001477749088,9.881180591254202,11.457435998184378,5.478713400445768,7.648957072486353
1.6265456270224452,6.3998114792607135,9.532055537402904,12.594175716528616,15.788264585812094,14.301105600618982
11.779237412499489,14.255936527563907,9.649699378677228,12.644457725159107,-4.861698898619588,16.512639323544946
7.164235994499557,10.496779219530769,11.88456008811236,12.79208254795216,7.810034963078631,5.398877160685753
5.728313825286497,7.49302849606798,8.227421696743624,13.084144571303742,13.126407872743995,11.566662105309094
9.018661980620875,13.808577467110238,8.44723356507688,13.194373148044928,5.490489956012242,13.341625747128548
-1.5490730266831183,4.359299243444999,12.942839629770235,13.700364689646747,6.866577140498153,5.0499640351770285
2.257849550954727,8.774746544101944,11.095683193621797,14.304479947867174,6.666946895573988,6.468954038973223
6.409532238139752,11.22136330091969,9.301513632678345,12.561289182963373,-1.6793847877597643,2.7490108091101852
10.989485976348371,16.566457110948665,10.74708447507916,13.535267850176458,7.592565996422945,12.738108784214687
2.3232806408470323,7.600849622333192,10.08332914806613,12.144838544788325,9.937873533530727,14.582828560514665
9.056534982194979,14.375815686433324,11.101651397736578,14.464187242952583,6.478671285700434,19.15141655939769
8.17923986053172,12.851705184614294,11.194272327949125,14.720043065555362,4.424581457315732,7.423623357247687
5.873436320992392,9.728839394356802,10.558965180032926,13.518723300163686,7.531449716595873,6.65800043895333
10.625519804390617,14.251695093233126,9.265195211775024,12.719096467456621,10.691381131491502,13.993164058965084
8.882479775426091,13.625966265138205,8.467692140965436,14.015694845339905,5.832788835313447,9.321348134827957
9.980274265099116,13.170441658733834,7.2934176931394585,12.519341242253235,4.77567932812034,20.43776734986369
10.123804177105749,13.087278252152082,11.258345992231774,14.014368296844701,4.686145710273524,9.27338490775309
13.888435115584503,16.284443448266707,7.07330668278873,12.871397957665046,8.413056564373225,20.97996124563329
9.844207076108587,14.627797599337345,10.16861881547429,13.497050850081125,1.9566845654896377,3.2470505341632148
9.93242317171838,14.74894890355861,12.536490395030732,14.957204803334522,5.722951487431548,9.017535267934953
8.218073319248086,9.924318092624269,9.848671146411444,14.333159712551543,10.101713104848386,11.308004806546588
4.2865464218005265,10.8192874783464,6.215300979462906,13.749670533726546,8.677099697397269,11.412003270855191
3.021219196181957,8.538126638348936,8.835031072018051,12.82803506300511,4.910533235250989,8.466785107748223
2.7815080366588667,6.304675543695739,8.890737585397318,13.41189892358261,13.117157810130712,14.006604609186553
6.85034939065436,10.602166732021699,9.819686004445474,15.262192203221314,3.140234395620821,9.103832391299484
3.8075566227428834,5.794393421404845,12.574037305669368,12.781463218974958,5.758886343940226,7.846869047390997
3.459696995986781,9.182835839574523,8.23338344487046,14.770424357450583,2.880982190682589,7.69746122055135
13.209450851431518,16.26962755226431,12.48177666497293,16.27457205329162,9.791530557359984,19.4450521073509
12.289648914957144,15.250408010661447,7.647209682053795,13.24555288545299,5.995967903562928,15.915995198083218
-0.9454507577376392,3.967597356352199,12.201382084536426,11.108685042488975,12.504797583542036,8.477650244975738
1.576967480846048,5.651594256650169,9.373779280880457,12.094622253222322,2.691851662862528,6.9540844663135735
3.8354550174853808,9.204314819761457,7.67762808974402,12.043032200590453,5.9591194556810745,12.557002829922684
3.194406418845496,7.262739604659437,11.51948574126991,13.229328095135084,9.65417048845177,11.314452874001812
4.115862184278303,7.851077687655805,7.06476264874895,11.129702977039628,1.6883873271743828,7.152285759218948
3.084353692617694,8.290362370820489,10.9523651887723,12.9596608242604,3.9874659488576754,7.355620503049973
9.905893525729626,13.606987506218868,11.599182174953027,12.819649515952811,0.35656088864273583,11.68990584952349
10.316460212927915,12.544297529528231,13.314760712240998,14.056149869822583,1.60738524564167,6.440549101637986
7.155849807474979,10.652084435188524,14.04160697358641,13.34176917814459,0.6615439911037012,8.086921588150712
5.546551814714251,7.784690852500722,10.682240541522667,13.715565696426085,5.197645490571332,12.016584170050766
9.717210904143963,14.305754833418426,10.206768243842923,12.483653954085128,11.891606116288823,20.13547723323003
4.754251271649145,8.35373973947407,11.23635778545217,14.25401331761077,17.64273168997442,17.19272792784567
5.778673289400197,9.494149126764688,8.213001921622533,11.249489438564,8.694338180764532,13.796585830673349
8.836242810693337,12.917513206783502,11.346051605874678,13.197221435745105,5.929541480683705,14.75290453460776
5.888322610860259,11.706382546674774,16.258498184184017,15.30166970385108,6.932163601376631,15.10806404359145
10.116986009734342,14.08740104223287,10.832103406956849,12.97260073575483,15.554218298289397,20.988349712720662
9.35153167075974,13.256121259664836,13.055571087197333,13.412039274088164,5.95996628644812,7.8846390706417004
12.330157533894836,16.918378470328683,10.459645319442428,13.079819983116897,5.293327622364167,13.168640276236344
9.240849007926649,12.873738185858253,10.422763979646792,14.59639043954823,1.8677819066629766,9.045491382629033
5.461224873650911,8.028246287775726,8.815885823510465,15.00590957174211,6.433066924878011,11.532251809077861
9.970858883601599,13.045577193938195,9.960852014103171,12.817614005104812,1.6669601929947135,7.369993120944845
5.475457074457864,8.367332197288473,10.468326891354012,13.403928918806715,7.7143885755490205,7.697466284196079
14.513639936733462,17.952542766568765,10.609704124828646,13.696005032261427,8.565719379971808,13.20090033314671
1.7682486097193748,4.826512724245727,13.940016829636937,15.17837088685958,8.152723550563731,8.208208646520347
13.585706386590562,21.154276753437994,7.388166044806326,11.851479682479166,2.5854614166576386,9.04741515751119
8.089264011892688,11.955903518862069,8.721907441494672,13.313068194924409,1.1464084516905095,9.599371401660525
12.240556195132283,15.560472639764916,8.661191274810896,14.237743087420682,0.15096253560644773,11.101726699259919
9.300530351564376,13.017784985787227,8.56683420609926,13.302363615879175,2.2533778024421363,9.089498422350061
15.305031545090143,20.69878823015746,11.299126426023529,12.263616908838493,12.153453945303646,17.984317273170955
15.518968752610478,18.768688367339383,11.65283217069684,13.436865343429321,2.159577586484586,8.698904714840776
11.336194993744897,17.74338326574426,9.102482214463103,12.038457904251914,-0.642036826793912,10.899765742918268
5.238297069788466,9.383227669226054,11.438746889241788,12.865436271051525,11.361188355706421,12.072645505856451
15.46608379022547,19.90594625079694,14.782321389318632,13.266306636750732,2.973790884354852,7.260653580180934
8.683911294511434,10.122411127741897,13.690597601804058,15.038954797299628,-2.7326113953843225,13.996368478136974
0.6239685342947492,7.330720660253265,7.799488524977093,13.568093911341336,2.8928105839466376,12.979554964386688
10.007855784468592,15.930190355808895,9.355071373152292,12.56047533791304,3.13392667273566,13.723554910812982
6.810262581915236,10.433337592291391,9.905099080231839,13.759143785928241,11.762179052203042,18.341847823248127
14.081978536138612,19.22667377520557,7.443130950866517,12.943636631284878,-0.3529705452332951,9.212206179701704
8.029771413229199,10.098868562761526,7.970052952826181,14.390854164926973,5.7026251244007895,10.316807154670371
5.460687608773962,7.533358703813295,12.959403237644416,13.860212656850242,5.41063804737814,10.209599543446702
16.024097502974058,18.716346282706265,15.37556187361559,14.122400347480948,2.3162578719976623,6.337019902338399
9.213992936633685,13.308093767461743,8.762578255006781,14.666007664082807,8.143618919510832,10.379921598701404
1.7427901212893533,7.719350081961817,8.511573706422721,13.421148959387885,9.057114852659037,8.13138462357599
11.828564538259563,15.953879903407946,10.971724741452805,14.662307939254699,-2.516312693801485,-6.6217175601463945
8.530811361113177,10.594364267738488,10.999603146703173,13.524670705170088,-0.7976152779561061,10.292060737568908
7.205126456722553,9.471580709475997,13.52595708479036,12.544572490174863,9.926139177013066,16.331804050791646
12.748331754957084,17.288685323244092,11.450949790312341,12.969376812670275,10.22890936040144,10.395945242797339
10.437467954278095,13.537381068094186,9.941898598455698,14.537475914594566,-0.6656671909449937,10.986853127757561
1.1079968448605833,8.9342015808755,10.419516894406492,13.853999428863558,12.87877220337825,15.804615584052437
10.20028944525533,14.153018763324507,8.58735291837662,12.783618702638474,10.850755905489343,19.3509826035112
4.100312844313223,9.436597961203443,7.7549217292500385,16.376284074224454,8.778647025906137,14.020244675570252
9.255582891072269,13.810749303093214,8.92723641861115,13.856495338423443,7.875690909947899,12.543723994251877
11.277523794477837,14.904346276753211,12.10367574192366,12.539100134877552,6.732667348252462,10.613410684412337
-0.43597686177026085,5.265792478625169,10.073597366947478,12.775854542421223,6.014516667951714,14.802888933373245
1.1418648889266805,6.089939148496257,13.870915396324293,13.609047547556857,11.979698396633866,10.231271209780102
7.73155651087812,11.069386028797625,11.138586431255503,12.024608291066,9.166112123353892,15.177263579548221
13.398685347193636,18.210127926622448,10.062814832910135,14.137258637573742,-7.220219219036442,4.1732070229662535
7.7181166122169955,14.640462460065091,12.332265244969967,13.872156248467592,4.115026328222705,10.482402461643474
3.2535108442443623,6.513571490727494,9.318716055716063,14.599630106872226,11.567952321166143,16.04614347029459
11.291957540212705,15.275980592273847,9.354222181441786,14.41295642094478,6.237938712958892,12.212107274361303
5.044469621797869,7.136818076223193,8.895392852024152,13.278937008860808,4.852653527583824,8.208232290989672
5.587778253774841,8.492667804973923,7.567191394958219,14.423262706465533,15.565597153968884,16.552603861949045
9.157583600659496,12.992051205530444,7.92341712239917,12.632418452497136,8.303949617435629,13.63633142862545
4.867482562397611,10.423641554107816,9.956688475572731,13.94050324951511,6.691643414327892,9.836920768676054
6.5435528240959275,11.591938900717649,9.507914284755982,14.034276992100194,6.731863992115461,6.526359205788138
22.573163559370883,27.818986785097362,9.64109787064943,13.835858268345703,-0.05152233083570823,12.636532149189318
5.594803400860122,8.837053016965049,12.862705425011374,14.908330440621679,15.469018688991078,19.80556493473457
4.617085164158338,10.08197986850454,9.222363962338491,13.938636786425599,7.383490561892945,12.361314316748038
8.312023490781797,12.55733507609077,12.268202403515449,14.831591526771339,5.12224862042935,15.746392144094422
9.582168783205992,13.618219282659904,12.501479226362202,14.236580296418968,6.394797135193963,16.244276910915353
11.48773676678115,15.778386842574129,10.275692854710716,13.813486289696147,1.8888567167125165,11.192680599923962
-1.6349531399304653,2.989939878262876,9.928833388278074,13.168874387370037,10.982838330207807,11.418714325767867
16.23636564246678,23.225869532604673,15.78429793281417,13.988648607262158,5.486818980168178,14.780606639042144
8.747528712434558,12.80639416937794,11.118950018134305,13.552802853801353,5.041497973704713,7.407006555466927
7.566314333899855,12.262077851329623,10.550524889260972,12.699956779965218,15.810786820488055,19.239027118339422
5.226597249672032,9.59307439463832,11.018726810191428,15.325471018891568,10.760528165073165,12.723488230517098
6.32811087666581,10.420505510885873,6.302079793143713,12.916042663653432,12.559293416496295,16.243002887064453
3.997691594281461,7.451832840696662,14.095235048450341,13.036907161381356,12.79481987436959,7.446329084357176
5.240292464920964,9.568467972958436,10.801375872829698,11.519816425070351,14.708860841005626,15.492998194976211
7.930619142881229,12.21086013564424,15.593318299129113,12.762697968556228,5.741632082799491,9.11825399896669
5.39011665181736,11.148290413788702,8.068705684047242,13.036459128718816,5.029123109340222,11.030555623077005
4.54724211618386,10.16389527970146,6.413771029425236,15.153597622759165,5.073017094437077,11.417694287808157
10.761505340084499,13.670924471200406,13.00748973889955,12.703804519163526,9.405314871958158,16.47608344883204
11.513661844369487,15.433503281680217,9.411299644285307,13.419749394498877,3.4283185037080464,10.329233624937828
14.926338321360225,17.26722583207911,10.04202563570552,15.29634689451208,2.960077176014398,8.791028279291595
12.278971885334778,16.788742699986734,11.600813716907322,14.347196878327207,3.540606369974623,9.18950811107743
6.649548179646985,11.837115824623213,11.325661210343187,12.59202185214038,7.250781528832801,16.829223646404117
4.133533487041219,7.315043179298607,7.693160581894238,12.94535243089219,4.781951346848143,11.317018706144736
6.303113654341486,9.40403634171804,10.2351141785911,13.986112715248698,11.1066060166661,14.075721591021601
6.919000588121965,10.48232807544825,7.55485344858541,12.555972720149803,11.885441084541025,20.065119043269533
6.532468849871972,11.514831575067134,7.96611058632766,14.979507873024382,6.868983873128048,12.619263211767526
13.832512783220242,15.38327755677791,9.067897271813987,12.99933331143696,9.151035566457304,16.43990210446864
10.968035001596458,14.503423391022967,11.894058531571035,13.692582169062664,2.7441505814826828,9.834287506771613
15.859822313695332,18.32491993771196,11.12202914320229,13.458958179787288,1.8399945843295953,9.726995657247619
8.396575657574804,12.998914263734205,6.89069384506401,13.889120788547519,12.485943731385763,18.996617698670704
8.955189024828417,14.225182776104113,10.96497970414994,13.702152254497532,12.450047177290246,13.841339820529715
14.293374868220047,19.086682446786057,9.719006443814365,13.587460663044029,6.14491897600209,11.867881585427739
7.482192799228007,11.576368998545586,14.543540082811345,13.887503043309609,11.015050902983706,17.40738021885596
16.951341963844126,20.824651492540724,11.72673801030184,14.346661097014211,0.61082608437272,6.869862572230885
1.6813546714875347,7.146459124299668,14.45230449374006,12.65063139725261,12.886620687868682,13.598641509831047
5.4962117747696535,8.730320758276884,11.792511125003337,13.287515601227422,8.836512351488523,14.5293450481408
11.711016532012568,12.761562998595835,13.352469465198583,14.358969378128757,11.707925496785244,13.064776937017623
2.5687380606232115,5.65309070757135,12.937806377225927,12.937961911286182,5.836488279254742,10.106096161287168
4.719678674210545,10.491000722815585,9.648655214597463,13.779197604129548,-0.7511112388556593,6.922586751733039
10.217122314149425,14.426172085466888,12.233113086716813,12.648542312611976,-8.69847734770761,26.373459552741995
8.057180358645226,12.714832157356986,11.924637439812676,13.681509743363323,1.3642310214143252,11.679933682819684
9.272090633959696,9.871560515834986,11.230065305905493,13.212437068885253,9.12682212595449,18.591478254379968
6.233812889513906,9.749408460417204,10.571118899938872,14.289233018508492,4.1909472442726265,6.578998332475065
2.3175772228566127,6.650552733681494,13.862683515788605,13.047135726835098,5.1533783761843965,9.23225167518804
16.576938643507443,20.445665136211836,9.635986950912024,14.1112674076209,2.0098548791786266,6.513045385110669
0.5898154080203424,4.941658496122528,10.629051932329109,13.822639477707941,9.153066794704126,12.069383479385838
3.5649123618179708,6.3161941110489925,12.356815364538265,14.447642002561668,5.350052948150874,4.960481871726112
3.0431166042683295,8.27643545959836,10.534711719498349,13.813491493188938,2.045889295557285,7.105958717154027
11.267003006780042,14.235443798229184,9.871536517693594,14.478545655486752,4.402080538278936,6.043079637529477
7.859887568938326,14.650718566854142,7.455844992566084,13.801720624465649,7.864489776003712,12.796925943726816
12.085721485565198,14.795536977774908,9.641669782431766,12.306634064325621,13.627371321246837,14.196525002674948
9.329537415433949,13.367525259346005,8.479841800135496,15.517313028882738,6.390265214387214,12.576104174254075
12.488217769030543,15.875827041140077,12.906614142775242,13.194318421071216,2.8455947665372445,12.386584253708266
2.2270234251483494,6.28437267964558,8.506376576989682,12.786624929642267,4.45444115734944,9.630451376989354
12.16576719593665,15.380829013235706,10.81747018878798,13.475041044848878,6.1145794513010925,16.25706432332268
6.923207875846343,9.208429920776169,9.658180059400273,13.038061671635917,11.17346573950583,15.164334573693173
8.697112679964528,11.828251699197525,7.672137483560977,12.328459707549799,-3.251555691431646,5.0989426710245995
10.998069445268758,14.271622770507912,9.956266261460504,13.800653645868369,0.6723977866999986,6.282604388240877
8.662964937951694,12.253177113919271,12.082520442716842,11.6366211426472,7.931832311437204,14.476650748166618
5.581758821867331,8.893638498234669,9.47301407533465,13.242340805750608,-3.9247875067070273,1.1665060370385232
4.0375399638885865,7.256186610722593,9.362163909117676,11.552409292318824,-5.4692634625495105,3.118046207690428
1.9903277643705704,4.8168852845208034,7.254697466215141,13.325414760454057,4.970796300601268,8.681771503464308
14.591992138941285,19.889485066034567,8.616842863905156,13.194869529284981,-1.0814348417631707,3.397808405726694
0.04283706547712146,2.729194432817726,6.67737793805804,13.103044317863334,-1.035379089095628,11.21238757281981
8.464419719799624,12.098962748635204,6.878710540705043,12.467903272561168,7.451906423784381,8.720991218264846
8.610795991708256,12.579963993494388,10.38577702122054,14.126112024132043,7.056901584731179,17.81142596207943
7.441235291268045,12.331680926970185,7.993677235189411,13.174104387368264,10.372136431848249,7.870494280837381
9.488967671019235,12.74200485929503,7.877404959379868,14.068312793756895,9.801079869469604,21.341192861752983
2.2317371581596523,6.186870326333727,8.790000520589338,13.399747646418533,5.963422690658336,10.988214799238957
9.169139696354899,14.353791447060253,9.449769340243485,14.082421612055976,8.41235379582091,9.607915559706841
7.831694069642134,11.51368209592125,9.482317968868408,12.446640540114743,12.154389767841742,11.231317590823254
9.435996743068305,13.12698260987563,11.714880389013118,14.654697208410072,12.479188403507468,24.71503676494249
6.596712299735383,9.326420366450535,8.212289018933449,12.389088633678726,1.8223416119971327,2.1714204236227737
8.44588518053332,15.057070718992575,10.411987897447867,12.561700670353412,-2.1690241596526505,11.362137535996503
2.7963325134007504,6.1804279109314715,8.67495444539532,13.827065368677243,9.507589969668722,7.672327147645202
0.9115347014552936,5.278922308363276,9.685599960713715,13.273386183937594,10.67149914367691,9.000835785968198
4.861409297207963,10.291753905926313,10.942157956720935,12.544693692085275,10.309122984296435,5.032493098927701
20.412133420259885,23.481876030310826,13.492207333674907,13.254757955568344,-3.546972343753656,17.467393558738067
-1.5389919394631475,4.656776566823521,7.6221338421582985,14.415804863052792,9.750482160199985,5.079587216849555
14.153854506650298,18.340493125623137,11.254565794763833,12.271887693224121,-0.258480773172778,4.638187024284667
11.870853144152848,14.789370608965799,6.7801627041531205,13.456806616046746,7.156204149736246,13.627745534852956
6.9638890529872475,10.67051464885441,9.625850912436713,14.498395112443587,15.46990516456686,13.182516039597463
3.343890693822872,9.730233975988464,7.996263940513319,13.06516720974092,8.008951675456524,12.401453588346396
6.63559325066543,11.024436734382475,7.224024354855298,14.882912774619427,9.876465404542008,5.899019569533411
9.202900214994866,12.478843677998594,9.652225271472599,12.829941053896572,-3.9808709410053806,4.243171201358858
6.112761308843201,11.804177278973537,8.155999503218986,12.686933244293485,-2.591127052445336,8.660595758695168
10.416680136990086,12.65624267067601,8.289608293226754,12.060531120752882,15.952748984181603,12.001074144697688
-0.8486891484998829,5.520598594127848,11.301519534907458,12.264199650419801,7.360917379842985,4.5739908629557195
2.998873231119986,5.237255127884488,8.323545594779468,13.873394278325287,0.9617122510596474,10.1095262038855
6.802384322507694,12.706135571329236,9.59573373017897,14.294544494974163,0.6296095484369079,8.816528002264079
5.369310265058534,9.69810492227554,7.508029302831333,12.859957229272492,5.86284968697134,8.71310186465534
1.5510509034614963,8.341676766075743,6.452528999078969,14.239725561494748,6.32974091893058,5.842116509362661
4.34986447237794,12.023700784455889,7.583818361274485,10.590741366173752,-3.861128579913498,4.463386500809304
7.349745758480461,11.520491255127572,7.726669662113459,13.434166793493443,-5.085924110493387,-3.120679559602903
8.587911387578016,14.322303881427372,11.774243622749337,15.717110190121131,-1.6742131420106687,-2.4229759628418117
11.325086609109238,14.795121007675894,9.664847383691747,14.882880721313658,9.323825664091476,16.795167277951826
8.546195409231974,11.32287508969426,7.799516227106691,12.756541970392874,2.498638813137201,2.119580144079053
16.008151198703878,17.70339417934052,6.7662489995523245,13.406300322378286,2.946652042713363,11.394796176135838
5.006283149147661,7.355776385364756,9.070041666148658,14.660389917452306,-1.2936245675078304,7.489248551285813
3.4552758169595643,7.68461252437766,4.526738245941836,12.246832718901922,3.7697292530154964,4.517848459020548
6.019604233029105,7.368496762527215,7.067162378756416,15.323437422111203,10.386707395297117,10.49012377030199
2.7828086587710237,7.1061666013694325,6.752425288492939,13.496570906202477,8.965843104942667,7.65802627543314
15.756296230488186,21.275931953241702,8.714441199648306,12.119197571766897,5.076906167544315,16.67016857301547
11.069565761573523,15.726947191689268,8.742961754714145,14.235743315036345,0.28241153710880906,9.9760492961742
2.2007932773884664,7.029472852549764,9.146315548429438,14.198785369409888,5.1145263591720225,0.5088952531598974
1.9022675763215244,6.952768762047361,9.680570535180008,13.08231030666664,9.313011750140909,5.617511475257302
10.97952740747817,13.637940339482357,10.894037946058285,14.02688036968565,0.4259455339100007,3.556341770446368
10.210060815251241,14.969489198337822,9.046384912250696,14.001648856164156,7.898442801118203,8.109248008165288
10.557503809709276,13.32336488028672,12.066294447136778,14.28025357485914,1.481059109710106,10.599917592346259
6.570136762645645,11.214235361816874,8.191303823325246,13.53969398373743,9.709545760978171,11.809560791556278
5.878289478764613,9.517880299961895,6.6503653103757205,11.850833102996285,11.030377911020272,10.675748399151784
1.5437620785777642,5.727972535569871,6.789037957984433,12.75086933285985,8.606111208550645,6.31816376875427
6.6508401299318445,13.686405528405889,6.661356990278501,13.02213488872283,9.414490171029842,10.419734837020025
6.803647946745406,8.769241252414501,8.083960843939947,12.255432803292505,3.4486402231479905,11.688354245431144
6.011467686197248,8.26994420513876,13.694006276770086,14.52591895886368,-0.1732886509428575,1.2575112291916277
6.938923499554425,12.246576261357763,9.25065264052762,13.871300425062513,10.525592508266977,11.507819070007896
10.017431137569341,13.757613829044868,7.9013789465965445,12.541155230765257,11.82307243752555,15.06575693686698
5.993263522505584,11.474896515165279,10.35246172871417,14.090818912631308,3.7204758511379703,8.31434665824782
3.874357992784049,7.731503417024874,10.577299282143338,13.421322023226544,0.6559083608378542,5.917205783153378
10.89600093236321,16.63121706922233,8.014622260764298,13.786942112040123,0.6500426649935196,6.311659588961931
10.123354300776292,14.659680220658291,10.850155699886981,13.116043594810622,0.7804481394328757,8.216351978766744
8.193853629701158,13.909238847365666,9.90843742482349,13.459047915490208,9.086956248400845,15.560008717809847
4.567192479772275,7.7110387504796325,13.144314035100438,12.254021276042216,-2.0957422065157827,7.268984432965766
0.2105709732743024,5.863397773599557,9.43154557238285,12.565606878270868,1.9444284644551808,5.984497597304952
6.281148501187545,9.224028466500306,11.365684394472815,13.342551382790777,5.073980167041449,11.888532508927126
10.87728037297473,14.931843715777834,13.577979437311605,13.905372342399101,13.336294190284917,19.99806710820369
8.082985007551914,9.910096541238197,10.046182599559256,12.152695377900915,10.534394704297629,10.756086933441505
0.07214417277433127,5.349568048514714,12.795367597556124,15.570465835641311,8.822942673048848,5.722087517063992
7.537310950909925,9.928006098829965,7.969801268710189,15.307807627561559,7.826079772575866,6.779920758409874
6.384418449166569,11.468944475500624,9.482071463334982,12.491525565888457,7.141094951475074,11.035267412077982
7.2282790772879295,11.819690900530182,11.127039602864832,12.601215461958466,-2.5408277064665996,1.0528180848822952
-1.9178851005948274,3.6913401273444344,9.152404920150401,14.61719339534688,9.642474938064721,10.137429530790698
19.02706360501224,22.074211166797234,12.496752009933132,12.037885996840428,-1.1968574829237026,8.96765378356019
5.285908977166026,7.237606937420755,9.759200152404532,13.620454300392947,-11.779190798153667,17.598426277119657
13.87919559277443,19.002071677094488,11.76469729160975,14.230472925075636,2.771380910853048,11.263978266293703
10.256043753699997,14.145751684038071,10.370339579412523,13.747103933790578,12.372653361916583,29.04643570162949
5.420905377255187,10.124338525916285,12.404306573109569,12.783807687821502,8.889725948944283,12.942713028498195
5.558538143940972,8.982784175116127,12.859881453100016,13.349617467358728,13.906813659760282,17.39932600560944
3.434684005069575,7.109327515796147,11.06768987727575,14.07717924675243,3.417788162015246,4.923303178957737
4.679059492673419,9.876547606695125,12.14153575487132,13.337669569501944,2.8118263332925406,4.93408917677531
2.689762223091625,8.861954108087525,13.714042466037478,14.211779104862039,5.59999334633915,8.772044080236162
0.7213423568429853,6.136324005413601,9.775159762532832,14.219927128154875,2.966003081072389,12.58931709074343
11.961143287848245,16.35931066468251,14.473973875672446,13.279424817267204,-5.517678061128888,-2.5669228064442993
1.8239755483969313,5.344756689676593,10.17138902081503,14.715961029794054,2.0436255432299144,4.143940893749851
6.085033255284622,9.09742111819425,9.834519242595125,11.835753092506383,11.019691074543992,14.695278646890255
7.009155344996529,12.167851148146777,9.004348977072615,13.949811524957783,4.577513014240962,6.900774112250117
13.107360865116608,15.084081553855764,9.733413843195798,14.241910986965971,8.554516877765437,14.402556223331757
2.319310493633282,5.648603160040152,9.882692100806988,14.028129651436867,12.481932435374954,7.324643486655517
7.1118304741204685,11.21024920012541,8.587677820715285,13.296057725718775,1.9065710742752986,13.69833116259944
7.017332971086604,11.831048832713767,8.628426935341238,14.133811338300832,9.620645635729076,7.476218660552927
4.754251377655053,8.905088403819263,10.374958820980519,13.389074362875947,-3.0519258452629794,4.0117396169747765
3.7919024255061786,9.177341154439132,9.719166755187247,13.149840036137773,10.475581159148295,9.499457168173976
2.497323936131121,8.50099438485419,6.087294588621276,12.011630543024262,-0.44750825385920423,2.7153061545160355
2.748195308047143,4.781277444753471,8.984401526006739,12.942381575070312,1.621522886284897,5.4125051030453015
9.240280757630554,10.798885886118265,10.816885224533193,13.470293668160158,6.686691752275789,11.351658829490578
11.592370843309752,16.061425332120706,12.134819996111847,14.647986147887215,6.217099885267725,11.848258215297625
4.835863118744442,9.847677225868518,11.054796219736556,13.794853491766233,-2.16103828780488,4.06288028432421
5.822089527306631,9.022347434443384,13.756861646592725,14.352270929948851,5.529374330099021,11.654370427551797
8.213267361922476,13.246823793339278,10.472639437148592,13.0622953303103,8.221456395496892,17.197843636377247
5.294087795127508,8.697711558289399,12.072435001498887,11.762299091254807,6.064786331175208,7.04413525105064
0.5373672427498208,3.9153502670765157,11.70203773349236,12.693856020013211,4.446725606707482,10.431898771388624
-2.0581791804575404,1.9283313980973116,13.01150771980433,13.072508786565647,7.507928436736424,9.614662602997317
3.1800139688655493,7.851403800053609,9.120088930318962,10.882380887241771,1.817538693774695,9.601406540320705
3.9489677608760787,8.181388104006956,12.18810528058931,14.866887863416734,2.444944866240797,6.799397221149938
2.628116789801453,7.27627207903566,9.899532489015357,12.520078780914792,10.33744864518729,15.87514966095991
6.676198261142957,11.510248832313424,12.771329962130602,13.11285509599197,8.995392795690659,12.785134689295518
18.059216532764022,21.79317368495488,9.775967831955478,13.309980415067765,-0.2693274153287958,19.124686897627488
11.479482926603335,18.0038893728939,10.107364504927324,14.220769315575685,7.980068795195687,10.263967895582423
0.7130484636677775,5.244361956005029,9.075537521857052,14.318799929553865,5.08871500148639,7.590539505253467
12.95855847906136,13.996010573692239,8.579531208995139,12.692126109448624,-2.2064360817494326,3.7867901124425534
1.7803674376983214,7.536419695592866,10.228436864006472,14.817598850503195,1.8104593168869254,9.24775060057226
7.44649729294053,10.985287958094233,8.296346129155799,14.12321994693058,4.506677504989674,8.721494635094139
11.074697957335552,15.176420987882953,5.652915447130376,12.43800650225986,-2.3689450326111334,0.28974891204838316
12.618683919494165,17.303282623460998,10.626107335111943,13.959467768528253,3.8177278478326944,14.341865620232428
9.103391416521287,11.719761685827047,5.437480320269565,12.787615370323905,2.767581251609708,4.456713870807493
9.269718600466513,13.915006631437326,7.373032993768566,10.88278654720219,-3.7563217017857706,-1.5939140391153814
11.984176948574117,14.13824186364399,9.605385395632922,13.289086478469885,7.56089425636556,5.329191963155455
13.087597038874783,14.389975949535264,6.7743284554725145,12.783025268094057,2.988994152812529,3.872986021782119
10.423606982870373,14.734669515666956,5.318606648744171,11.195325451193609,6.8068630200561024,6.922827258648496
1.189607441298004,6.562217725010018,4.804118047436706,13.948260139369964,15.337572858757383,9.369054670994586
9.829019900856,13.190910801366373,5.792951835401708,13.560005993094256,3.3266034654653214,8.002913818086153
14.532455714065472,20.41599681720729,7.223692233734821,12.923978104735294,0.17465553248022747,2.23711271676102
0.21114924633490206,7.098880607248749,6.103890309466077,12.745533372733808,6.390004462922279,5.634530008181362
17.107118023479458,21.992059334990596,7.3450639962362345,13.19173965298811,7.585380629989632,24.76636975043472
5.972706857785608,10.255520505328075,7.27274639638447,12.41374090274296,8.8742102441607,8.786760028125416
9.938090446873144,12.605189767391,7.829011520012722,13.746117376032146,3.6609204436585316,5.374922669525564
10.917687412398841,12.81743704352293,7.569578251017726,14.997078808594637,7.481964156518879,8.180767636343113
6.4354039157643825,9.440052204689556,12.250031021847372,12.848828892309688,12.358805584229023,13.151803581889332
14.530162804508835,17.621407930894772,10.641592702281176,14.454103433009369,6.316075060040432,8.997607263889781
2.392351306360198,3.967168802989239,6.3764922795675965,13.515396563857308,12.90474800341353,6.560751339771604
0.42326776491775375,1.8272791081810336,9.270133418351396,14.325837468259017,16.460528352370787,11.92216669758757
6.868574413123738,10.643839264037084,5.921629716980041,13.450244901062703,14.524659567690051,10.495507554077024
6.8420654613318135,8.723685648580467,9.31092915330825,11.965904065317801,10.85081238704791,2.455538251733338
10.7852075037956,13.902564612906065,10.595783068029526,13.451885630600723,2.875251419590815,10.808984952867272
9.897602318940027,14.724949107802658,8.89415013506957,11.953075611919308,5.9931833148483,6.872492727936702
7.905980925171756,10.236977028287056,6.62935071466956,12.220115749345906,16.12976667411846,8.161956676897523
10.08143603983377,16.77517794435845,6.822431588486318,13.3786234143582,15.816835716915389,13.417669367742022
8.355619291905853,14.378668757510042,7.225190860515171,15.45979864772513,4.867793764619702,9.391924042928785
3.1303668033323264,8.84927567872198,6.6919350036882594,12.437035367838208,11.513628097619762,8.763829910431019
6.305005390603809,10.593986688672333,7.121315418017647,12.79238046951362,12.85275614061785,12.051206401408253
10.47064068664278,12.264233030508088,7.171722730752814,13.152451707888206,2.330961337446472,4.081404670777672
6.235654527376278,8.793892329814982,9.577370620083316,13.802050355355282,14.165147581837937,10.184740333311133
9.62527113720597,14.186935838075252,8.158693240428214,13.784541977011651,22.200674149521287,18.681429219187955
3.4880040349069663,8.87341836033262,7.3924886062808985,12.234192120452848,4.694070113081379,18.25448735181968
12.526172245833285,14.541474576559928,8.960181996384819,11.854931304952576,14.254967821980076,17.178029356845514
10.656842490184747,15.813740414054605,7.226691439676859,12.340279754374572,8.500544571236173,10.784397000160423
9.425749622425656,14.916260437760394,7.587272000748438,12.150280149770522,7.775279509150382,9.467577949013641
0.8723820953739976,6.295378596215892,10.0877085845684,13.221226782589886,10.250652175154901,6.74115938192609
2.9663021444963085,8.771968009826944,6.780320357554297,11.924372421112801,9.886344181062237,8.118611421672197
3.810140138086865,6.6898914054249365,7.807520074905802,15.43525478365595,11.51728049936602,8.039764822033336
3.1690736888532904,8.907832817528076,8.88218249689465,12.062809363213017,9.533926039787364,5.632397936583546
4.062409141615184,8.69623492192436,8.19144766376478,14.276272330150622,15.350444949855063,12.531616362892734
8.848156927099737,12.795677221171351,7.796881314715379,12.32617748152046,10.597486503473895,6.535159114924855
9.549063729882453,14.95450050041018,5.794176122272457,12.940291587445785,2.954299111749303,3.5053227942851497
6.304163397980392,9.39206933264722,8.572481316483959,14.333037840436432,12.871132256200852,12.1465945041062
12.246839066738936,16.268298513785542,6.123839799619576,11.937573754255185,13.49078217038336,13.647446845227643
-2.5213164227746736,3.3384237837611064,4.644072394462357,13.559991547273743,15.30000560169753,9.74094546624532
4.67327330310343,8.54489979688169,6.735101443694521,13.754888924706187,10.794977172798413,3.852468522102372
6.980253141673583,12.523707672383168,9.5060793913297,14.242636929536287,22.862179067261888,16.53890564747381
2.472686249582966,8.754031834937027,9.831385851326976,12.968281514015414,10.452461786458603,7.821303463055716
9.17261880843946,14.33574319883213,9.965439766073132,13.742717231872176,0.2949037313847519,7.987671762318822
3.1543684952408206,7.929328340977681,7.25211294179086,12.91009068142507,7.36409825896033,15.948823284970054
5.413940873363657,11.545077860437974,8.803566828112038,12.830761960682258,3.314908224595389,6.492522173840848
7.438716537131587,10.790836437941426,8.13730310551851,13.110310929471053,-3.7562733593547066,1.3503655669874937
1.8730122324577034,4.413372344946707,8.231419777275491,15.279730614979378,9.118702730315285,9.581041994313672
16.886243345729376,19.460137698247383,5.735452896180453,12.517417195409926,-3.341633337528515,13.767608944727897
11.274475401112765,14.605721523849219,7.533951117235175,15.07872652380411,10.339938952602521,20.569486913471767
0.9081769998720488,4.813750468223384,7.26897149352029,13.748205166000751,10.92233539836881,5.495460888852161
7.204002762263111,11.400314819066567,12.248971589195582,14.20304662865714,16.65221042663274,12.93579831061635
10.618569282083731,12.441614945692875,8.426476549212131,13.246129808277646,8.175905329634405,8.552220307015448
9.580729068146361,12.167324112821865,6.40874950384827,10.09276774945598,3.8023912187910907,3.9434462051333226
6.3878754125240995,10.788987195624092,6.777808110118996,14.127353035604354,16.05284978127982,15.459395177434798
12.693482959601308,16.214631922731318,8.506910326312397,12.819927694497201,-3.7438774568493183,4.369980145974822
5.882415893861786,10.923171882566646,7.214713799454278,13.584255344316851,1.586995276809972,16.000089981774636
18.29812211406105,22.741828360870645,6.897475551947971,11.481986008777419,0.5165288302634867,6.716562056688178
3.683016095913572,8.77766926548536,10.789042397635564,14.563795572797858,1.8292385620111569,7.28361686497642
4.07501604418824,9.551296138692285,11.889730405640986,13.044218015386988,10.917815324390363,10.901769351987943
0.9042407715631562,2.819319839796532,6.429428432445193,14.154382212002284,14.659509807115676,6.147384442130845
6.414828808899111,8.318424775514146,6.606123593482323,12.867065851961197,12.239587271177527,11.05748758922309
5.701734096413418,8.66800253495998,6.109104080330934,11.559851223656723,9.465840335088904,8.388381710594292
4.73938891711345,9.548240518369418,9.808175139543902,13.851465200404629,-0.03066634932750323,10.17568138344129
2.0414783091548094,5.6962917360836745,6.25520306680546,14.33953225253994,15.470912136743305,7.643006503310328
0.7040368924718317,6.271265525248735,8.186467178955557,12.981956297417316,5.900658603189234,3.7463543655653693
9.031103904816618,11.851983624726836,6.527139817887157,12.357631045782572,5.218696261453298,4.495453629481751
4.947030898023975,7.369010620901274,7.59089866231195,13.79416641788239,10.7788515857336,14.434952622120989
5.3933804023140794,9.708465294510427,6.01716819325931,12.548299563357617,8.814893806557457,12.055058249213424
1.5697749015252773,6.211401625742118,9.304675020442813,12.550134791413793,11.782004090920731,6.3204200224186895
3.2456204549503394,6.905976200914704,4.989455400711846,10.410883335317497,9.222749030642035,10.839734305745646
2.7068999569157572,5.744937027492152,6.862702838622351,13.010506995296074,6.213230062094288,3.2904246726448316
4.253388714124805,8.289947759512176,8.999497947373543,14.169290063797554,7.473411297063973,5.321949744971264
4.5758026477445215,10.562216222554994,7.484765825334862,13.00449609448483,17.73055477923254,10.928635715191096
11.656234842961469,15.097625386157343,7.660232776244487,13.643433626667779,1.609053915595375,3.8765521061885666
2.3310005972657777,6.911728740453978,6.909120733786575,12.676011507192806,8.005077664864507,9.598282008586512
1.9503108195712513,6.033519099458605,6.002488815472576,14.14189148692575,6.790000679429722,6.076838001861836
14.157106511560063,17.6951289200588,9.690001942498956,11.361513121060051,6.641989532549576,14.598885601568583
6.302861699844492,8.953134540683704,7.174071889547097,11.457449575326187,11.73132537820387,8.584609450636357
2.2786667368678963,5.5705656476976255,7.823877053350203,14.330922717271923,9.82725238230905,10.341490375299134
2.2581597724467626,7.882461531550209,6.399953428841765,12.917397996643476,-1.0814718492748354,0.8445021963571802
9.778843881561519,16.404418218720185,8.094301750888674,13.57801455366706,11.483548805866883,16.82142457526207
3.574838455913017,9.01012517315712,6.884086333392804,11.93386129648807,6.399276480064666,2.921778322705135
8.133908135231119,12.336271605585448,6.043339650442723,14.082670887553048,16.360336410214096,9.058327575542377
7.758367256081286,11.205555819646978,5.688456596921883,13.915734731409588,9.53628745665936,18.450129834868957
7.493775585022824,10.913321611726749,7.70524461786321,11.98201162196719,10.21097238784845,13.291338275564161
4.8931103774644615,7.850472452489949,5.768218012896787,12.629961562286656,12.107779980793445,11.468309823543619
-1.0698573019265902,1.7781916982849502,5.649438740774854,12.492512680354885,6.563815291871488,4.662302758906009
-1.0163771294242434,3.367466345538067,9.190686563712378,12.153072077519148,5.892007471782443,11.55773643435374
-1.3382850616429236,5.563574965045221,8.29314593351937,14.001352618148077,4.788434645843691,4.845833109741029
0.9003143639584004,6.218577933977134,8.708687590980281,13.833333004179664,10.698289641453675,11.85020260785779
15.004069512452025,19.49919462554526,7.8050844575030265,12.810187670508657,-7.073186656706837,0.4872471702684542
21.50335220453657,24.240776274773886,8.282934936922146,13.767368525031811,-0.7116142679316214,6.784738125582586
7.733088867445315,12.606764821927063,4.15926882804481,12.277186708341905,-1.8945382150835521,3.6369318785195524
13.441448319800099,18.138227202702424,8.785276827914398,13.745603549668626,-4.884673985895698,10.239993263646966
9.00595384567363,11.849446490402197,5.031474022499297,14.905428756588709,6.141964044379906,11.851855708034108
10.58259346909329,13.366934657080426,7.802346997677297,13.333461958895104,2.397906373158926,7.481785888217527
10.115828161355308,14.794822845429113,6.712982085734479,14.105064579064223,8.502115087485365,10.088884971029456
17.937770218648332,23.16003398529677,6.025036441334027,9.597589478833324,3.2005578946367943,10.09923700981557
11.448645719240561,15.53035086135383,8.553702210875644,13.512261664354845,4.791530064874573,6.264769955450181
8.673454820049495,10.847572418277812,7.183442270117486,14.305941384000267,7.087086421914204,12.894968532671575
10.51874251794491,14.569650368017406,8.975311995942748,13.747944650620669,4.534065078467109,13.46775006795092
4.1972264692775845,6.678553814592275,7.682362508099057,14.103363267338292,9.354205541187126,12.145141462049315
13.429628320675475,15.113303447219344,8.175309235556465,12.437879595613952,2.174161346785819,6.303518300940736
6.899854373880758,12.278983054661204,6.944136051672689,13.490398395667587,12.69673298871519,15.747999166556408
14.25587048234534,18.974026917638604,8.439915998381943,13.167835433034927,3.668859807598288,11.281092537943286
5.819004045207656,11.196969740768512,8.310812865608593,10.253795328570508,6.988311354883944,10.38603709904564
10.821598126303732,13.25442103491344,5.938652758282779,12.830555134254876,0.03809017469731535,5.611613305019715
3.5165990813284136,7.573485535870493,7.024644860443254,13.020221706867034,14.995106688863409,11.79690631939291
7.1041962321307555,9.323297556451122,9.493482592909809,15.232200741128963,6.356624337238035,15.056434999238924
7.191498707051895,10.739133315882523,7.029062777085421,12.543579463522684,7.191634400909281,12.872239121631656
12.76521986399818,15.471176323023904,4.518565583472865,13.285826041737566,11.03213902078239,9.721119467446876
-1.1557365501308712,1.8132254939568955,5.324492206502061,12.852334253860544,3.3881361224408564,1.9728764125676568
18.026570657005877,20.141591882306805,10.679932780571136,13.095701537620577,0.2165353848999816,16.767076007451454
13.655477519902076,15.313501895065198,6.266301746262014,12.92789804423539,2.799691029506228,8.938651711458045
2.8108019801839434,5.678133378421466,7.386702494883464,12.769703506995244,11.218992887076876,13.637332811498435
10.282819314756813,12.996478125409777,5.6901702779530146,13.185517296694462,5.2346292253763735,10.002427932519403
12.338217472629474,15.60684513153735,6.4688230332581,12.799760028225021,12.884090260337622,19.011603990788924
6.161936375789134,10.80230770650738,10.192259250914681,14.491913200324912,6.604333422594137,11.324825728479771
18.83681107136371,23.33579785527092,9.967719636850111,15.704277631222062,-8.345174868378095,6.891633144662238
4.089218148567746,7.947107606399291,6.468875312109877,12.062626508468067,1.9824903649483918,11.410998799716362
11.075736236535452,14.872533586757338,10.050164338570356,13.209066244609819,3.382037315430225,7.522825748815054
3.168658520665046,8.452794125415462,8.548463893566483,13.14960465875471,6.784520533846731,10.40326205002938
8.819160397139553,12.25196029322137,8.852742196564943,12.046514813994472,4.262461218969358,8.419072724278092
9.296280354184223,12.994391163021481,5.477339723840476,12.384834724673661,1.28057569386007,5.2718756672006695
14.80362723581003,19.260065900274878,6.441091573668781,11.404728391900221,14.136661831045867,19.519599967543982
10.539743842613872,17.328363445735405,8.780374044296485,13.614974153035465,9.109720871648598,11.790930253871483
15.738920823110709,18.549942069738936,8.141965955299625,11.526191510192477,13.349232662245425,20.182797682604754
20.697092178447452,24.174530180801604,6.297859564367843,13.29925713320805,5.937467509630512,7.942372285047697
7.690955535603062,14.287863906761986,8.734973571986398,15.05864980510944,17.309593846162446,14.164353053634422
8.372708689326684,10.118852927282957,5.6147390813128695,13.42316045403533,2.26969950636901,4.199221961685468
12.598836375732121,14.990912494737955,9.45256354484886,12.995001277328146,5.166637683380904,11.141138582194486
0.27604276667220695,3.541171686020623,8.384278918405272,14.351698703501166,10.718791678716656,9.472798055149887
11.777614839541624,17.593209645858085,8.47971908334973,11.809879683997135,2.7625612473005283,11.183849246020458
3.5546819633223365,6.939909095854859,4.162112417439965,13.135641511792173,-4.892460705701884,7.6509967549577915
13.306526316396189,17.387726867443977,7.872508586054048,13.471291179223439,1.4008797683039662,11.073378130909322
8.776740488714141,11.457899898507382,6.408708988744535,15.36062358140513,8.948148822023906,12.218736232853017
8.626657855669428,11.743298291481858,5.284979456970099,14.751738177784867,7.6757387344024846,18.873452370140527
10.291069873909674,11.81966721769514,7.342201006906905,12.816766376090543,-3.433844630932328,6.85772584864151
3.475061441241161,8.449769154928985,8.002738861136855,12.881383686102273,12.929591221392823,10.71427035249829
9.507928856129691,14.866425588271685,10.159370406918816,12.87530579028284,6.229185097006221,11.673193232776237
5.122498401061723,7.416994607309987,8.784473839729882,13.030569315477607,10.569720856030283,12.491023197798533
2.942362554127304,6.870830328412674,9.043136561842623,13.852924206733283,17.441641716421127,12.696121766571551
4.328232400799261,9.432642000741902,8.48631110120094,13.873136537403886,9.300225332508132,14.838223169189183
0.680563057270517,5.081445865700983,8.6314553155776,11.781352672627985,16.892722031820984,8.496183209767596
1.515629349808925,6.45176795650951,5.943313554747071,13.843229008455602,6.198866963392312,12.600049621222293
8.300394047165902,13.432204220873778,8.054966060234854,13.437085654077379,12.189119799715025,13.920618122368607
6.499567392793268,7.97995112381315,6.106209699962088,13.792741962494523,5.803463635843589,4.929905359240552
7.982309187165588,9.845919266061554,6.7892723863145985,13.55794836050307,11.542987284498157,18.912668027160013
7.920513202844747,12.559460509537098,8.479697390613563,13.406000144838854,9.586430191260296,16.790785510439598
3.8519390468499584,9.843310824866602,7.094814438135906,11.596863274896421,11.726789166081332,12.427811536124645
13.695739834886387,16.52493132474306,8.747266360068458,13.83687068161086,6.589277570257785,12.529532466397356
6.309924266585533,8.458721788052546,7.13455440833186,12.653155775688932,11.685417200636413,11.917885629217876
7.253714060997208,11.512248502068728,6.128740935885443,15.303971159809485,11.159259150064731,11.758713073207705
7.620433622004093,10.38961272812089,5.342114855088252,12.421737367199317,8.388217384328772,12.887014984528141
6.899932105175878,12.518356326532357,9.010464915802679,14.451149894580814,7.307958114961909,6.838101151541451
6.729355366600226,11.630236245414162,6.435163298132755,12.15469556947325,5.530192707709179,12.502213772920083
8.606612362089264,12.190825706896268,5.228668401504978,13.803044657083614,9.61467080465342,6.728868921157898
18.769631913034637,23.233060837082878,5.317041809331409,14.462118319908859,1.305996486571391,10.929131800332703
8.045594710046675,9.625375832299515,7.421382323908704,13.753012470371592,16.5948037167628,16.731421250688058
8.710009987548174,12.5880374110473,9.95480251414817,13.082558612647038,14.279249603931015,15.046998304999915
1.353970647603703,4.972319998762303,7.669727564088454,12.313332340177492,8.179581654187006,10.069209141932975
6.052270546868668,12.448751108809935,8.262147640800231,14.731052086352936,13.680585460664012,14.448685705011851
4.585159295011443,11.428383528778165,13.32079801218278,13.338389739666969,3.4263148906386562,8.25583804698688
0.8984077832760624,5.704971794924286,5.675607666713379,13.308812758440498,14.196683222410572,13.903106553343259
6.4666610259102235,9.179340954306094,7.5599213874822855,14.00968503817919,12.872590537893347,20.144461825414645
2.78758190271264,7.316952357136205,8.140027066837407,13.224151263128915,8.855840506375484,15.169909569401327
-0.2101627024135071,5.996056799096285,7.054411531139806,12.754403977432318,11.41370439232868,9.245513021616334
10.924068617906121,13.906568043682027,5.295165317229798,11.920830761758609,-0.9030850056695832,11.403666107101774
9.48816568405804,13.118413551840696,6.227937185921628,13.942386758513035,7.89571244099801,17.363442666500855
11.862861924335034,16.34909220839844,6.558134354845202,11.77920808885735,8.297655943761578,15.803049275345128
5.400208748335998,9.510082965647257,6.549426886581955,13.532149697567974,10.740969070915284,10.515855694598791
7.793946601304916,13.134940010300832,5.301941315959917,14.561676518356993,8.754255337349132,17.919267810810418
8.442685616363283,12.6863904638231,9.605606036696704,12.99002157294383,8.672515023148396,10.582007505022458
5.868858802655483,10.794965762330184,6.584940860574501,14.432732994417682,14.308744527878918,15.71407601589963
10.405315766118857,14.574050403419472,6.205378858737674,12.966096750235096,12.134313384916526,12.679520316878733
4.885675947243649,10.992057947355423,7.868563875644533,13.109701015754759,13.612983818249866,12.82148501338359
11.839720705693486,15.862805232544451,9.687649669749256,13.5094264197235,14.884480106325947,19.50513084105268
5.6743428613898885,9.95897745672516,7.46071557797174,12.361454406203423,9.662241827993705,9.940840192930374
4.194597635496491,5.896031473259413,6.597709818565369,12.991987047329511,11.028706105300103,6.497468693625203
8.56445644798953,13.41513130754478,6.92370680678616,13.709296197750728,2.6621278946456646,11.566183149305227
3.465404090619933,7.339403933408817,8.548896646254422,12.584141614802387,20.210729982671875,19.67868963509527
7.708771379753244,12.282006766103104,6.677944538254913,12.923761218104712,8.897936335700944,12.56090532858083
6.459381191309259,11.554198467039974,7.394986336977431,13.432472648120344,11.336219356059647,12.173000705946768
11.711421265247159,16.38592765671088,7.781648384312174,12.438203021360037,-0.8568478894222245,11.832217689646527
9.58719907784948,12.914051468482869,4.43663266720999,13.428981016976733,19.717791440453194,24.816454685693063
0.2941909184775353,5.069926500407034,9.81627757768631,12.048844028425227,13.19444205809693,14.572607522453241
9.384143531528569,13.430810024820506,10.884440761410518,13.525441726049925,9.550350202550066,15.555418757117724
6.956596262201478,9.602521098364756,9.316508824431518,12.794501885988833,13.293819712058854,11.859515531448876
7.595074011261359,8.93012409708529,5.378061908676051,13.74818382757874,6.518250900373028,11.608961434629032
11.348857225465604,12.592937829766495,7.1706675463472225,14.51623533213493,3.503562998280386,8.42031093431612
2.49200268739639,6.48071226294812,7.727272300803012,12.828114126237432,7.8505595630158655,8.595816575218826
11.99838665713371,16.36807851948996,2.6757481047403506,11.462336447167733,1.8054952419599284,13.670403085125864
10.12334106371112,13.002467718877526,3.1081151474928,11.582389369845915,-2.8710116752079298,4.642347226161776
5.5381113481041515,8.98308926651355,7.466312442010936,14.462435423652723,5.897408446470099,10.64498968702298
4.895149346233289,8.887658621366361,7.6162603258432675,14.119844160254749,3.2247289551900122,8.726711600216047
6.269052389396111,9.148523550186734,8.404943003940804,13.597344525831865,13.527634293830047,11.814108083177983
6.858636338564555,11.89813365032018,9.668792663370866,13.567358137199493,9.057758117641432,16.580923243749133
7.821202100829854,14.062089672768419,6.757643299739398,12.691495021392843,-0.5106684633279297,6.559983965048301
3.8038285040298048,9.372836202617377,8.751110389875079,11.528151684089174,7.899903994624482,17.089425845447792
7.509423087859128,12.148078559474667,6.273383323104737,10.936999515266473,3.6479087914470036,8.245132828586247
9.17531769513117,14.146302086541034,4.685299030541446,12.310694190754319,1.1376243656680636,7.884248731137229
6.755223704359055,9.527347766006407,9.987713549947392,13.392053352865096,14.074333177445725,8.472847110124249
16.475944238161414,17.656307692537453,6.831212946325682,12.954533595511638,7.119076145235901,12.976716744435121
7.79288774765298,12.399169632705906,7.930385034512075,11.143254803725341,6.890740401736678,8.764020044612389
5.109873395227747,8.018981250643334,8.900950310127058,13.614219746512312,6.9592453606801925,9.311534318815527
7.3685533000204115,11.392272747612473,6.681448794141106,11.87123380898522,-0.9906150595113595,4.344285769110265
6.098402013251321,7.87345373605473,7.659428878099189,12.957775881716305,-3.653046114371297,2.2045835390220843
9.144241969698639,12.816375415962536,7.8645528603312185,13.310256910855282,9.000270192070415,12.579880166560732
4.677488836231578,9.655688870853847,8.051756335619524,13.283818884705768,-4.593399751983999,5.744114136679415
14.102259292297537,18.49744940977449,8.397970029038941,13.565602302192882,0.9602240432366389,12.940780030346758
11.367361984965179,13.867910557517437,7.570990243322737,11.299723468214847,2.4902510484927536,6.681669849673298
11.078079077310521,12.939509698963,5.054966366038931,13.023012767243662,-2.125201962271022,15.896020112586253
-0.45705741343088335,3.5668451400798435,11.372936606930619,13.494308745245498,6.07267717487858,4.555637358302138
11.262416771350376,15.144640767777501,5.158435294810538,13.061085561165001,0.8050876767974753,11.281225339683493
10.817895041770742,10.836729493930527,6.217942259652628,14.119493756878335,6.775132669010491,5.058053575929256
12.990412056153449,20.544903231422936,6.019418265728627,11.382284729474708,-3.9536885644854824,6.301897643762667
12.12644591350135,15.425090717596914,8.055001320787722,13.851582479188192,2.8769421897077785,11.075857960447228
8.460504671415768,9.413282939343976,5.009185664251838,12.66675625085539,3.2799969453174023,6.249229349626288
3.9845061555187336,8.49883782523472,8.658417955380042,12.187284955680008,-3.044019095578929,1.1476167825255272
9.107597281874796,14.01777524858594,6.394352481808015,14.812136348849318,0.8322184194126551,14.61802925514681
8.742096493446144,14.047119254274326,6.0151336660007075,12.376254175920234,4.5576577256753295,7.859479799321544
10.119778392568758,13.25681770253388,7.080080071677269,12.838454720182252,3.195099456330599,4.655257624778898
8.859367475614974,13.740468126602652,7.468205824553077,14.227527115317695,11.08617389226516,14.98259079915021
4.38250820910031,5.371070981439564,10.942150980335635,14.55067775706415,0.6119906908462284,7.053581208075679
9.88978549639439,13.455203759441591,6.462390702370287,13.51003530169905,-3.5952667176627506,-1.2565536220609277
3.6072711079306563,9.630790497647476,8.944437139507748,12.867265482119649,-1.9221626246736823,4.143468413534913
8.308047614227082,10.773731133010216,9.514357839358382,12.47950829158626,3.91218412874444,4.280374259497813
2.910573024752297,4.321358969279252,9.897727919973626,13.303046494914723,2.2510377068925767,4.987650443997017
3.81901242351202,11.42915221877515,9.234422909685412,12.446149589711391,7.098674155145738,9.38964049433102
5.61052105396483,8.5079027039179,5.530230981534631,13.438850563149169,7.613344567616894,8.67756341990519
4.130432480357749,8.026615306719467,6.1815905100605875,13.297610819405303,3.956269048383491,12.04701431755069
11.457037744997603,15.46494085904521,7.346280843284443,14.048483139155982,1.981205549417116,7.142880469138845
13.67869579437997,17.552515300278266,7.4712601843100535,13.67424878371377,10.367516752512113,18.199390205036227
12.520183612762898,17.88031593388923,7.720832875348577,14.210932558678149,10.983057042202542,17.62151987042459
4.240713932732726,10.492098954376733,9.778807131983612,14.648248717780808,12.77831157202275,16.42033973662588
4.795881458686906,9.377740290888974,5.042177740896547,11.918437310011464,7.731542163110753,10.385714876909047
4.034737355527574,8.335235185942121,7.19141239875995,11.666868034165763,2.7346043281721526,6.5622258015700465
6.937211330751685,9.718172338408596,6.913329772946188,12.704616380739544,3.339603899007842,6.879281572338579
9.457398289135337,12.610024643862484,8.653008005909387,12.908601917559979,7.814942581202538,12.80665465982679
10.825531656498889,14.675985749584509,7.427140760259654,13.466201364285384,-3.5874182038444293,21.48996974956072
9.800640444051162,14.103944344889598,7.452346755472244,12.694428284656194,10.818662970997455,24.168786085056528
6.077849396512605,9.76679905090353,7.698253285018778,11.990075780331985,6.628341002417443,14.8219602543141
8.166477551491685,12.132403784201276,7.845831872049457,12.820805022029523,9.290646558022377,11.913125093052315
7.733475288895051,14.567255844370965,9.624204585111881,12.679679368123304,10.615154031288453,15.985212326668298
1.9169409188034274,8.879608988911329,8.41213315544306,10.37717756941389,9.5931472749885,12.747533818174855
3.4312375711049783,8.888096664850577,11.750968190837696,14.518167688936211,14.21133388870721,10.085367107986329
7.34202016953721,13.171559580365331,8.72092342369808,11.78592711904168,4.709679645617552,11.524499128510694
5.820800967908018,12.278067737653744,6.247690852483569,12.948217470729762,9.98927972793895,12.878091713660114
2.487939094928057,6.705331970143018,8.167788715452046,12.948668758724512,12.252290661537561,14.802151675121486
12.003788011645689,15.871982024728442,8.675307537960322,12.534236064625151,-3.1715887100785167,3.573813093547753
11.01885241611669,13.649604571685085,7.025370072609187,14.321946971010416,7.8136223691404,15.556967659594823
10.595198110366018,12.829147878030941,6.538359116477268,13.592491339852366,2.403098058874754,14.55031802197728
8.46705168237634,12.467809200832598,9.127388513749148,13.46651333377352,14.433233070086377,13.965831385471141
5.6989585666317755,9.0931190428662525,8.438453004002238,14.520056093861998,3.2685640300453818,8.176906448787154
9.530580326265527,14.881066610137132,5.9529346428583505,13.177814295792166,5.00703430341659,11.054161965234709
12.832750785931653,17.239696263282134,7.509187209553806,13.56898366898239,-2.039641034533531,2.9009314112216487
16.22471678786884,19.790247077238433,9.92233180625266,12.327873511606539,-5.550330027820276,9.796956367473564
5.316880121561338,7.523621696427123,7.349174201664161,12.438345715665868,3.598086370218513,8.689463550178022
9.2646227191101609,12.404318024329017,8.707824314906448,14.123502726388466,12.600991353968832,17.41965117766062
13.603455528537863,18.023306091391387,4.82913901928906,12.302267845520953,14.71830597121333,20.92073944160594
7.759108363321205,12.294439844504023,6.305859308971881,12.599929641226508,8.282923224286257,14.074519534116364
1.7095075103756017,6.061194527740342,6.69990833207392,12.96761147276826,2.606505203914134,4.452919740945804
3.541397093467096,7.077738437346122,8.562504536640224,15.310324534593205,7.932341281348648,11.0469872906253
9.762403087250663,15.232027863849295,7.427783664217348,11.739755560232247,4.959854695299144,13.919578721821667
10.634285218202528,11.574909161619136,9.089406677302208,15.352507424175968,9.309088627315653,16.6327400589868
2.499367273141732,6.700746092887323,8.281700427127394,14.594293143954381,1.8760937380806542,6.372989372186675
11.98768230078294,18.15147445407804,12.631071898450665,12.869714322904391,8.21075653485371,15.82290411677105
12.39866931568716,15.427603263868054,9.142593768219669,13.847762750538996,7.830469500676466,9.370325444148113
5.922526069600626,11.783002105199111,6.128444760112742,11.763216310041935,8.724037245528125,12.381291445299425
16.72402533766548,20.092663634108426,8.247351152010111,13.875144712791766,1.2554393593717923,7.79853581835502
12.0843912290272,15.50304202331537,7.390347729329866,13.558655317299616,0.17162369897172264,6.931868288021899
6.310032651879203,13.543463689419971,9.885859297274573,13.183515617322842,6.011837894358415,14.838468892277907
9.494195340383712,14.453272226784064,8.36295461734764,12.576417011517302,6.485485275313358,9.66209619830523
7.942567535988975,13.207929332745037,8.441171111292764,13.701902715315011,8.741656857626747,13.378115598403674
4.952950630364278,10.00677445962678,5.6842813423949305,12.74138169374885,11.610582997301785,11.072275729411821
0.11371900773835061,5.56077364791531,6.090800248855434,14.277274926332288,12.742464465946062,10.112869940911478
9.290257928735896,15.752911413463387,6.054794812332758,12.08452251740653,5.7865806932035095,10.93123075668824
15.589699210574569,18.11116149962771,5.107763270122626,13.717858296623342,-1.4614813730613907,5.832571974244782
11.644147699252004,14.583248218619472,6.650792454280789,13.510254269301285,0.405226338895079,9.508305163680497
16.419457998017855,18.40658420250147,7.141184951727816,14.714345642887693,6.406809375800236,16.487844126102075
1.5790499017619386,6.337566735819803,8.20890055026,13.192988880507786,8.692739277114345,8.701998541784098
4.37524528531763,9.604548110029436,7.370440870502543,12.877518192872412,-0.4076553284254179,16.479813858377053
16.891233478958085,19.209872486082396,7.084186331152749,13.926149994694004,0.04958797605789683,3.570332219319592
1.9413261681702987,5.479386719871138,8.546356001758467,13.366612940253447,8.078353067534923,10.70773079497411
3.7553847532601443,9.771797587406304,8.120891198877867,13.042504406155153,7.59633717693658,10.796824783255866
9.463209179036667,11.683843712869345,6.647604531855285,13.133251251475432,11.547815085406409,16.585719651700536
6.107968450640735,9.576785495018887,13.799179088780056,13.664147685416928,4.623276977567581,8.248338690204967
3.5532147025041763,9.24105465935923,6.146779433889886,12.23693691853887,11.783624616046673,8.614009396178323
5.0214633652243785,9.065171641648945,8.541064186050779,13.39499549809448,9.44850700490016,13.35745928460253
11.827961146707594,15.52894595968477,6.271371226285021,14.366703853438574,1.8534019299937645,10.141389568062497
7.615107733745435,11.536613813563859,6.0937992161826875,12.95952985778549,5.685593834516896,9.526233321243172
8.009062032403138,11.181438194981418,10.95242017844515,13.460660657629152,1.395560703118135,3.834791355424435
5.308897981481308,10.364711774627063,6.4085233114978015,12.402488017696989,10.445831736265657,15.965568777919657
4.700290837719703,10.654226871654721,7.7179240680249235,13.243608044297856,4.451288204904464,7.0260573511356474
4.55030149473925,9.000036276127743,7.941394627546666,12.294732488816052,7.0938886624384,10.186052327316748
5.444106007437599,10.507615868263539,7.691929989459254,14.41822873454064,9.52572635761346,13.206154376939962
5.1937255217241045,6.844412713966804,10.281452047419315,13.690948568582836,10.887396646045525,12.78957773443289
12.486640607596694,17.178007937099704,6.069903457797901,11.923290461309929,-0.43516480714879646,-0.5013531349983332
21.07156433729333,23.599284841865284,12.320435999431522,14.527082503315807,0.5117348944715608,8.593317337724017
9.266156765052676,11.267476829178626,8.565936125516629,14.707987569868653,14.512966395121476,13.850178183952242
8.55237463483991,13.533463067150034,10.76541726114493,14.582283605432963,6.043075555866207,12.441824922215204
7.857346628356221,13.118883567316722,8.250024009204926,14.140641653305359,3.5881885848474155,13.508607491013064
3.6811482172953447,9.218835467084494,7.257261422054292,12.880642125507205,6.525664787081873,13.986262275955813
1.3036660606063661,4.8535295969851395,6.613824800619375,11.912112004027971,8.531763139279729,8.44025866844691
1.9206154245403144,4.281330722978763,7.002654060954695,13.975349936007484,7.710329835419496,11.716263376842866
6.598793214891496,9.13022347619971,8.451526989540469,11.627954169189305,7.078079029417673,10.47528204132743
